高校,岡山工業高等学校,おかやまこうぎょうこうとうがっこう,機械科
高校,岡山工業高等学校,おかやまこうぎょうこうとうがっこう,情報技術科
高校,岡山工業高等学校,おかやまこうぎょうこうとうがっこう,電気科
高校,岡山工業高等学校,おかやまこうぎょうこうとうがっこう,デザイン科
高校,岡山工業高等学校,おかやまこうぎょうこうとうがっこう,化学工学科
高校,東岡山工業高等学校,ひがしおかやまこうぎょうこうとうがっこう,機械科
高校,東岡山工業高等学校,ひがしおかやまこうぎょうこうとうがっこう,電子機械科
高校,東岡山工業高等学校,ひがしおかやまこうぎょうこうとうがっこう,電気科
高校,東岡山工業高等学校,ひがしおかやまこうぎょうこうとうがっこう,工業化学科
高校,倉敷工業高等学校,くらしきこうぎょうこうとうがっこう,機械科
高校,倉敷工業高等学校,くらしきこうぎょうこうとうがっこう,電子機械科
高校,倉敷工業高等学校,くらしきこうぎょうこうとうがっこう,電気科
高校,倉敷工業高等学校,くらしきこうぎょうこうとうがっこう,工業化学科
高校,水島工業高等学校,みずしまこうぎょうこうとうがっこう,電気科
高校,水島工業高等学校,みずしまこうぎょうこうとうがっこう,工業化学科
高校,水島工業高等学校,みずしまこうぎょうこうとうがっこう,情報技術科
高校,水島工業高等学校,みずしまこうぎょうこうとうがっこう,機械科
高校,津山工業高等学校,つやまこうぎょうこうとうがっこう,機械科
高校,津山工業高等学校,つやまこうぎょうこうとうがっこう,工業化学科
高校,津山工業高等学校,つやまこうぎょうこうとうがっこう,ロボット電気科
高校,笠岡工業高等学校,かさおかこうぎょうこうとうがっこう,電気情報科
高校,笠岡工業高等学校,かさおかこうぎょうこうとうがっこう,電子機械科
高校,備前緑陽高等学校,びぜんりょくようこうとうがっこう,総合学科
高校,高梁城南高等学校,たかはしじょうなんこうとうがっこう,電気科
高校,高梁城南高等学校,たかはしじょうなんこうとうがっこう,デザイン科
高校,玉野光南高等学校,たまのこなんこうとうがっこう,情報科
高校,倉敷市立工業高等学校,くらしきしりつこうぎょうこうとうがっこう,機械科・電気科
高校,玉野市立玉野商工高等学校,たまのしりつたまのしょうぎょうこうとうがっこう,機械科
高校,玉野市立玉野商工高等学校,たまのしりつたまのしょうぎょうこうとうがっこう,ビジネス情報科
高校,勝間田高等学校,かつまだこうとうがっこう,総合学科自動車系列
高校,勝間田高等学校,かつまだこうとうがっこう,総合学科ビジネス系列
高校,関西高等学校,かんぜいこうとうがっこう,EIエンジニア科
高校,関西高等学校,かんぜいこうとうがっこう,普通科
高校,関西高等学校,かんぜいこうとうがっこう,ITビジネス科
高校,岡山商科大学附属高等学校,おかやましょうかだいがくふぞくこうとうがっこう,総合学科(工業技術コース)
高校,岡山商科大学附属高等学校,おかやましょうかだいがくふぞくこうとうがっこう,自動車科
高校,おかやま山陽高等学校,おかやまさんようこうとうがっこう,機械科
高校,おかやま山陽高等学校,おかやまさんようこうとうがっこう,普通科ITコース
高校,おかやま山陽高等学校,おかやまさんようこうとうがっこう,自動車科
高校,おかやま山陽高等学校,おかやまさんようこうとうがっこう,普通科特別進学
高校,興譲館高等学校,こうじょうかんこうとうがっこう,普通科・商業科 キャリアデザインコース（工業）
高校,岡山御津高等学校,おかやまみつこうとうがっこう,キャリアデザイン科
高校,倉敷翠松高等学校,くらしきすいしょうこうとうがっこう,商業科
高校,倉敷市立精思高等学校 丘校,くらしきしりつせいしこうとうがっこうおかこう,普通科
高校,倉敷市立精思高等学校 丘校,くらしきしりつせいしこうとうがっこうおかこう,商業科
高校,真庭高等学校,まにわこうとうがっこう,経営ビジネス科
高校,明誠学院高等学校,めいせいがくいんこうとうがっこう,普通科
高専・大学・専門学校,津山工業高等専門学校,つやまこうぎょうこうとうせんもんがっこう,機械システム系
高専・大学・専門学校,津山工業高等専門学校,つやまこうぎょうこうとうせんもんがっこう,電子情報システム系
高専・大学・専門学校,岡山科学技術専門学校,おかやまかがくぎじゅつせんもんがっこう,国際機械工学科
高専・大学・専門学校,大学,だいがく,各科合同
高専・大学・専門学校,中国職業能力開発大学校,ちゅうごくしょくぎょうのうりょくかいはつだいがっこう,生産機械技術科
高専・大学・専門学校,中国職業能力開発大学校,ちゅうごくしょくぎょうのうりょくかいはつだいがっこう,メカトロニクス技術科
高専・大学・専門学校,中国職業能力開発大学校,ちゅうごくしょくぎょうのうりょくかいはつだいがっこう,電気エネルギー制御科
高専・大学・専門学校,中国職業能力開発大学校,ちゅうごくしょくぎょうのうりょくかいはつだいがっこう,電子情報技術科
高専・大学・専門学校,中国職業能力開発大学校,ちゅうごくしょくぎょうのうりょくかいはつだいがっこう,生産機械システム技術科
高専・大学・専門学校,中国職業能力開発大学校,ちゅうごくしょくぎょうのうりょくかいはつだいがっこう,生産電気システム技術科
高専・大学・専門学校,中国職業能力開発大学校,ちゅうごくしょくぎょうのうりょくかいはつだいがっこう,生産電子情報システム技術科